,Time,mV,ppb
0,04/14/24:21:07:56,280.871,501
1,04/14/24:21:07:57,281.514,503
2,04/14/24:21:07:58,281.895,503
3,04/14/24:21:07:59,281.997,503
4,04/14/24:21:08:00,281.938,503
5,04/14/24:21:08:01,281.792,503
6,04/14/24:21:08:02,281.658,503
7,04/14/24:21:08:03,281.504,503
8,04/14/24:21:08:04,281.374,502
9,04/14/24:21:08:05,281.33,502
10,04/14/24:21:08:06,281.284,502
11,04/14/24:21:08:08,281.249,502
12,04/14/24:21:08:09,281.256,502
13,04/14/24:21:08:10,281.287,502
14,04/14/24:21:08:11,281.326,502
15,04/14/24:21:08:12,281.407,502
16,04/14/24:21:08:13,281.509,503
17,04/14/24:21:08:14,281.658,503
18,04/14/24:21:08:15,281.817,503
19,04/14/24:21:08:16,281.989,503
20,04/14/24:21:08:17,282.168,504
21,04/14/24:21:08:18,282.361,504
22,04/14/24:21:08:19,282.602,505
23,04/14/24:21:08:20,282.855,505
24,04/14/24:21:08:21,283.106,506
25,04/14/24:21:08:22,283.342,506
26,04/14/24:21:08:23,283.575,507
27,04/14/24:21:08:24,283.841,507
28,04/14/24:21:08:25,284.133,508
29,04/14/24:21:08:26,284.391,508
30,04/14/24:21:08:27,284.657,509
31,04/14/24:21:08:28,284.921,509
32,04/14/24:21:08:29,285.183,510
33,04/14/24:21:08:31,285.493,510
34,04/14/24:21:08:32,285.783,511
35,04/14/24:21:08:33,286.075,512
36,04/14/24:21:08:34,286.333,512
37,04/14/24:21:08:35,286.634,513
38,04/14/24:21:08:36,286.938,513
39,04/14/24:21:08:37,287.217,514
40,04/14/24:21:08:38,287.509,515
41,04/14/24:21:08:39,287.82,515
42,04/14/24:21:08:40,288.122,516
43,04/14/24:21:08:41,288.433,516
44,04/14/24:21:08:42,288.706,517
45,04/14/24:21:08:43,288.989,517
46,04/14/24:21:08:44,289.286,518
47,04/14/24:21:08:45,289.595,519
48,04/14/24:21:08:46,289.914,519
49,04/14/24:21:08:47,290.198,520
50,04/14/24:21:08:48,290.458,520
51,04/14/24:21:08:49,290.716,521
52,04/14/24:21:08:50,291.0,522
53,04/14/24:21:08:51,291.28,522
54,04/14/24:21:08:53,291.571,523
55,04/14/24:21:08:54,291.843,523
56,04/14/24:21:08:55,292.091,524
57,04/14/24:21:08:56,292.361,524
58,04/14/24:21:08:57,292.634,525
59,04/14/24:21:08:58,292.867,525
60,04/14/24:21:08:59,293.142,526
61,04/14/24:21:09:00,293.389,526
62,04/14/24:21:09:01,293.042,526
63,04/14/24:21:09:02,292.846,525
64,04/14/24:21:09:03,292.9,525
65,04/14/24:21:09:04,293.078,526
66,04/14/24:21:09:05,293.332,526
67,04/14/24:21:09:06,293.612,527
68,04/14/24:21:09:07,293.904,527
69,04/14/24:21:09:08,294.196,528
70,04/14/24:21:09:09,294.489,528
71,04/14/24:21:09:10,294.794,529
72,04/14/24:21:09:11,295.106,530
73,04/14/24:21:09:13,295.4,530
74,04/14/24:21:09:14,295.671,531
75,04/14/24:21:09:15,295.974,531
76,04/14/24:21:09:16,296.265,532
77,04/14/24:21:09:17,296.566,533
78,04/14/24:21:09:18,296.869,533
79,04/14/24:21:09:19,297.176,534
80,04/14/24:21:09:20,297.48,534
81,04/14/24:21:09:21,297.777,535
82,04/14/24:21:09:22,298.067,536
83,04/14/24:21:09:23,298.353,536
84,04/14/24:21:09:24,298.652,537
85,04/14/24:21:09:25,298.91,537
86,04/14/24:21:09:26,299.177,538
87,04/14/24:21:09:27,299.467,538
88,04/14/24:21:09:28,299.729,539
89,04/14/24:21:09:29,300.003,540
90,04/14/24:21:09:30,300.283,540
91,04/14/24:21:09:31,300.538,541
92,04/14/24:21:09:32,300.794,541
93,04/14/24:21:09:33,301.023,542
94,04/14/24:21:09:34,301.285,542
95,04/14/24:21:09:35,301.529,543
96,04/14/24:21:09:37,301.773,543
97,04/14/24:21:09:38,302.027,544
98,04/14/24:21:09:39,302.257,544
99,04/14/24:21:09:40,302.516,545
100,04/14/24:21:09:41,302.759,545
101,04/14/24:21:09:42,303.02,546
102,04/14/24:21:09:43,303.264,546
103,04/14/24:21:09:44,303.522,547
104,04/14/24:21:09:45,303.742,547
105,04/14/24:21:09:46,303.99,547
106,04/14/24:21:09:47,304.236,548
107,04/14/24:21:09:48,304.454,548
108,04/14/24:21:09:49,304.686,549
109,04/14/24:21:09:50,304.894,549
110,04/14/24:21:09:51,305.086,550
111,04/14/24:21:09:52,305.3,550
112,04/14/24:21:09:53,305.477,550
113,04/14/24:21:09:54,305.647,551
114,04/14/24:21:09:55,305.817,551
115,04/14/24:21:09:56,305.989,551
116,04/14/24:21:09:57,306.13,552
117,04/14/24:21:09:58,306.259,552
118,04/14/24:21:09:59,306.401,552
119,04/14/24:21:10:00,306.506,553
120,04/14/24:21:10:02,306.646,553
121,04/14/24:21:10:03,306.749,553
122,04/14/24:21:10:04,306.876,553
123,04/14/24:21:10:05,306.991,553
124,04/14/24:21:10:06,307.103,554
125,04/14/24:21:10:07,307.202,554
126,04/14/24:21:10:08,307.301,554
127,04/14/24:21:10:09,307.393,554
128,04/14/24:21:10:10,307.476,554
129,04/14/24:21:10:11,307.556,555
130,04/14/24:21:10:12,307.62,555
131,04/14/24:21:10:13,307.688,555
132,04/14/24:21:10:14,307.739,555
133,04/14/24:21:10:15,307.803,555
134,04/14/24:21:10:16,307.864,555
135,04/14/24:21:10:17,307.906,555
136,04/14/24:21:10:18,307.976,555
137,04/14/24:21:10:19,308.035,556
138,04/14/24:21:10:20,308.081,556
139,04/14/24:21:10:21,308.106,556
140,04/14/24:21:10:22,308.119,556
141,04/14/24:21:10:23,308.135,556
142,04/14/24:21:10:24,308.168,556
143,04/14/24:21:10:25,308.205,556
144,04/14/24:21:10:27,308.232,556
145,04/14/24:21:10:28,308.25,556
146,04/14/24:21:10:29,308.249,556
147,04/14/24:21:10:30,308.281,556
148,04/14/24:21:10:31,308.311,556
149,04/14/24:21:10:32,308.315,556
150,04/14/24:21:10:33,308.328,556
151,04/14/24:21:10:34,308.359,556
152,04/14/24:21:10:35,308.345,556
153,04/14/24:21:10:36,308.374,556
154,04/14/24:21:10:37,308.388,556
155,04/14/24:21:10:38,308.378,556
156,04/14/24:21:10:39,308.383,556
157,04/14/24:21:10:40,308.385,556
158,04/14/24:21:10:41,308.407,556
159,04/14/24:21:10:42,308.413,556
160,04/14/24:21:10:43,308.409,556
161,04/14/24:21:10:44,308.424,556
162,04/14/24:21:10:45,308.435,556
163,04/14/24:21:10:47,308.44,556
164,04/14/24:21:10:48,308.436,556
165,04/14/24:21:10:49,308.428,556
166,04/14/24:21:10:50,308.436,556
167,04/14/24:21:10:51,308.449,556
168,04/14/24:21:10:52,308.468,556
169,04/14/24:21:10:53,308.477,556
170,04/14/24:21:10:54,308.468,556
171,04/14/24:21:10:55,308.472,556
172,04/14/24:21:10:56,308.461,556
173,04/14/24:21:10:57,308.42,556
174,04/14/24:21:10:58,308.414,556
175,04/14/24:21:10:59,308.403,556
176,04/14/24:21:11:00,308.402,556
177,04/14/24:21:11:01,308.406,556
178,04/14/24:21:11:02,308.4,556
179,04/14/24:21:11:03,308.409,556
180,04/14/24:21:11:04,308.429,556
181,04/14/24:21:11:05,308.406,556
182,04/14/24:21:11:06,308.42,556
183,04/14/24:21:11:07,308.447,556
184,04/14/24:21:11:08,308.443,556
185,04/14/24:21:11:10,308.426,556
186,04/14/24:21:11:11,308.425,556
187,04/14/24:21:11:12,308.433,556
188,04/14/24:21:11:13,308.43,556
189,04/14/24:21:11:14,308.422,556
190,04/14/24:21:11:15,308.407,556
191,04/14/24:21:11:16,308.398,556
192,04/14/24:21:11:17,308.403,556
193,04/14/24:21:11:18,308.415,556
194,04/14/24:21:11:19,308.444,556
195,04/14/24:21:11:20,308.441,556
196,04/14/24:21:11:21,308.442,556
197,04/14/24:21:11:22,308.448,556
198,04/14/24:21:11:23,308.432,556
199,04/14/24:21:11:24,308.415,556
200,04/14/24:21:11:25,308.416,556
201,04/14/24:21:11:26,308.411,556
202,04/14/24:21:11:27,308.396,556
203,04/14/24:21:11:28,308.391,556
204,04/14/24:21:11:29,308.402,556
205,04/14/24:21:11:30,308.389,556
206,04/14/24:21:11:31,308.383,556
207,04/14/24:21:11:32,308.377,556
208,04/14/24:21:11:33,308.372,556
209,04/14/24:21:11:35,308.373,556
210,04/14/24:21:11:36,308.382,556
211,04/14/24:21:11:37,308.387,556
212,04/14/24:21:11:38,308.388,556
213,04/14/24:21:11:39,308.375,556
214,04/14/24:21:11:40,308.372,556
215,04/14/24:21:11:41,308.383,556
216,04/14/24:21:11:42,308.396,556
217,04/14/24:21:11:43,308.396,556
218,04/14/24:21:11:44,308.403,556
219,04/14/24:21:11:45,308.382,556
220,04/14/24:21:11:46,308.383,556
221,04/14/24:21:11:47,308.369,556
222,04/14/24:21:11:48,308.383,556
223,04/14/24:21:11:49,308.366,556
224,04/14/24:21:11:50,308.39,556
225,04/14/24:21:11:51,308.404,556
226,04/14/24:21:11:52,308.416,556
227,04/14/24:21:11:53,308.427,556
228,04/14/24:21:11:54,308.436,556
229,04/14/24:21:11:55,308.454,556
230,04/14/24:21:11:56,308.46,556
231,04/14/24:21:11:58,308.472,556
232,04/14/24:21:11:59,308.487,556
233,04/14/24:21:12:00,308.483,556
234,04/14/24:21:12:01,308.476,556
235,04/14/24:21:12:02,308.48,556
236,04/14/24:21:12:03,308.477,556
237,04/14/24:21:12:04,308.484,556
238,04/14/24:21:12:05,308.506,557
239,04/14/24:21:12:06,308.516,557
240,04/14/24:21:12:07,308.514,557
241,04/14/24:21:12:08,308.524,557
242,04/14/24:21:12:09,308.522,557
243,04/14/24:21:12:10,308.524,557
244,04/14/24:21:12:11,308.528,557
245,04/14/24:21:12:12,308.555,557
246,04/14/24:21:12:13,308.557,557
247,04/14/24:21:12:14,308.566,557
248,04/14/24:21:12:15,308.559,557
249,04/14/24:21:12:16,308.568,557
250,04/14/24:21:12:18,308.561,557
251,04/14/24:21:12:19,308.574,557
252,04/14/24:21:12:20,308.57,557
253,04/14/24:21:12:21,308.531,557
254,04/14/24:21:12:22,308.515,557
255,04/14/24:21:12:23,308.536,557
256,04/14/24:21:12:24,308.54,557
257,04/14/24:21:12:25,308.538,557
258,04/14/24:21:12:26,308.556,557
259,04/14/24:21:12:27,308.564,557
260,04/14/24:21:12:28,308.573,557
261,04/14/24:21:12:29,308.579,557
262,04/14/24:21:12:30,308.572,557
263,04/14/24:21:12:31,308.561,557
264,04/14/24:21:12:32,308.563,557
265,04/14/24:21:12:33,308.57,557
266,04/14/24:21:12:34,308.576,557
267,04/14/24:21:12:35,308.565,557
268,04/14/24:21:12:36,308.58,557
269,04/14/24:21:12:37,308.586,557
270,04/14/24:21:12:38,308.591,557
271,04/14/24:21:12:39,308.623,557
272,04/14/24:21:12:40,308.649,557
273,04/14/24:21:12:41,308.658,557
274,04/14/24:21:12:42,308.654,557
275,04/14/24:21:12:44,308.647,557
276,04/14/24:21:12:45,308.652,557
277,04/14/24:21:12:46,308.678,557
278,04/14/24:21:12:47,308.701,557
279,04/14/24:21:12:48,308.698,557
280,04/14/24:21:12:49,308.702,557
281,04/14/24:21:12:50,308.716,557
282,04/14/24:21:12:51,308.722,557
283,04/14/24:21:12:52,308.744,557
284,04/14/24:21:12:53,308.731,557
285,04/14/24:21:12:54,308.731,557
286,04/14/24:21:12:55,308.75,557
287,04/14/24:21:12:56,308.768,557
288,04/14/24:21:12:57,308.79,557
289,04/14/24:21:12:58,308.796,557
290,04/14/24:21:12:59,308.796,557
291,04/14/24:21:13:01,308.797,557
292,04/14/24:21:13:02,308.802,557
293,04/14/24:21:13:03,308.809,557
294,04/14/24:21:13:04,308.812,557
295,04/14/24:21:13:05,308.823,557
296,04/14/24:21:13:06,308.85,557
297,04/14/24:21:13:07,308.877,557
298,04/14/24:21:13:08,308.887,557
299,04/14/24:21:13:09,308.889,557
300,04/14/24:21:13:10,308.894,557
301,04/14/24:21:13:11,308.889,557
302,04/14/24:21:13:12,308.884,557
303,04/14/24:21:13:13,308.903,557
304,04/14/24:21:13:14,308.917,557
305,04/14/24:21:13:15,308.904,557
306,04/14/24:21:13:16,308.911,557
307,04/14/24:21:13:17,308.924,557
308,04/14/24:21:13:18,308.93,557
309,04/14/24:21:13:19,308.964,557
310,04/14/24:21:13:20,308.95,557
311,04/14/24:21:13:21,308.946,557
312,04/14/24:21:13:22,308.949,557
313,04/14/24:21:13:23,308.942,557
314,04/14/24:21:13:25,308.932,557
315,04/14/24:21:13:26,308.943,557
316,04/14/24:21:13:27,308.938,557
317,04/14/24:21:13:28,308.95,557
318,04/14/24:21:13:29,308.964,557
319,04/14/24:21:13:30,308.982,557
320,04/14/24:21:13:31,308.991,557
321,04/14/24:21:13:32,308.984,557
322,04/14/24:21:13:33,308.981,557
323,04/14/24:21:13:34,308.989,557
324,04/14/24:21:13:35,309.009,558
325,04/14/24:21:13:36,309.027,558
326,04/14/24:21:13:37,309.033,558
327,04/14/24:21:13:38,309.041,558
328,04/14/24:21:13:39,309.052,558
329,04/14/24:21:13:40,309.054,558
330,04/14/24:21:13:41,309.074,558
331,04/14/24:21:13:42,309.068,558
332,04/14/24:21:13:43,309.079,558
333,04/14/24:21:13:44,309.097,558
334,04/14/24:21:13:45,309.094,558
335,04/14/24:21:13:46,309.113,558
336,04/14/24:21:13:48,309.135,558
337,04/14/24:21:13:49,309.13,558
338,04/14/24:21:13:50,309.125,558
339,04/14/24:21:13:51,309.14,558
340,04/14/24:21:13:52,309.124,558
341,04/14/24:21:13:53,309.135,558
342,04/14/24:21:13:54,309.158,558
343,04/14/24:21:13:55,309.162,558
344,04/14/24:21:13:56,309.164,558
345,04/14/24:21:13:57,309.186,558
346,04/14/24:21:13:58,309.177,558
347,04/14/24:21:13:59,309.195,558
348,04/14/24:21:14:00,309.222,558
349,04/14/24:21:14:01,309.237,558
350,04/14/24:21:14:02,309.268,558
351,04/14/24:21:14:03,309.307,558
352,04/14/24:21:14:04,309.346,558
353,04/14/24:21:14:05,309.412,558
354,04/14/24:21:14:06,309.48,558
355,04/14/24:21:14:07,309.541,559
356,04/14/24:21:14:08,309.604,559
357,04/14/24:21:14:09,309.657,559
358,04/14/24:21:14:10,309.721,559
359,04/14/24:21:14:11,309.833,559
360,04/14/24:21:14:12,309.944,559
361,04/14/24:21:14:13,310.022,560
362,04/14/24:21:14:15,310.109,560
363,04/14/24:21:14:16,310.161,560
364,04/14/24:21:14:17,310.258,560
365,04/14/24:21:14:18,310.337,560
366,04/14/24:21:14:19,310.409,560
367,04/14/24:21:14:20,310.483,560
368,04/14/24:21:14:21,310.554,561
369,04/14/24:21:14:22,310.633,561
370,04/14/24:21:14:23,310.705,561
371,04/14/24:21:14:24,310.786,561
372,04/14/24:21:14:25,310.862,561
373,04/14/24:21:14:26,310.959,561
374,04/14/24:21:14:27,311.063,562
375,04/14/24:21:14:28,311.168,562
376,04/14/24:21:14:29,311.263,562
377,04/14/24:21:14:30,311.379,562
378,04/14/24:21:14:31,311.494,562
379,04/14/24:21:14:32,311.632,563
380,04/14/24:21:14:33,311.762,563
381,04/14/24:21:14:34,311.95,563
382,04/14/24:21:14:35,312.144,564
383,04/14/24:21:14:36,312.347,564
384,04/14/24:21:14:38,312.568,565
385,04/14/24:21:14:39,312.791,565
386,04/14/24:21:14:40,313.026,566
387,04/14/24:21:14:41,313.275,566
388,04/14/24:21:14:42,313.571,567
389,04/14/24:21:14:43,313.885,567
390,04/14/24:21:14:44,314.204,568
391,04/14/24:21:14:45,314.536,569
392,04/14/24:21:14:46,314.853,569
393,04/14/24:21:14:47,315.178,570
394,04/14/24:21:14:48,315.485,570
395,04/14/24:21:14:49,315.78,571
396,04/14/24:21:14:50,316.052,572
397,04/14/24:21:14:51,316.286,572
398,04/14/24:21:14:52,316.523,573
399,04/14/24:21:14:53,316.735,573
400,04/14/24:21:14:54,316.897,573
401,04/14/24:21:14:55,317.031,574
402,04/14/24:21:14:56,317.112,574
403,04/14/24:21:14:58,317.183,574
404,04/14/24:21:14:59,317.238,574
405,04/14/24:21:15:00,317.246,574
406,04/14/24:21:15:01,317.221,574
407,04/14/24:21:15:02,317.202,574
408,04/14/24:21:15:03,317.165,574
409,04/14/24:21:15:04,317.096,574
410,04/14/24:21:15:05,317.022,574
411,04/14/24:21:15:06,316.947,573
412,04/14/24:21:15:07,316.858,573
413,04/14/24:21:15:08,316.771,573
414,04/14/24:21:15:09,316.656,573
415,04/14/24:21:15:10,316.54,573
416,04/14/24:21:15:11,316.444,572
417,04/14/24:21:15:12,316.334,572
418,04/14/24:21:15:13,316.218,572
419,04/14/24:21:15:14,316.091,572
420,04/14/24:21:15:15,315.977,571
421,04/14/24:21:15:16,315.864,571
422,04/14/24:21:15:17,315.77,571
423,04/14/24:21:15:19,315.645,571
424,04/14/24:21:15:20,315.513,571
425,04/14/24:21:15:21,315.392,570
426,04/14/24:21:15:22,315.26,570
427,04/14/24:21:15:23,315.13,570
428,04/14/24:21:15:24,314.998,569
429,04/14/24:21:15:25,314.886,569
430,04/14/24:21:15:26,314.78,569
431,04/14/24:21:15:27,314.684,569
432,04/14/24:21:15:28,314.563,569
433,04/14/24:21:15:29,314.452,568
434,04/14/24:21:15:30,314.37,568
435,04/14/24:21:15:31,314.261,568
436,04/14/24:21:15:32,314.143,568
437,04/14/24:21:15:33,314.045,568
438,04/14/24:21:15:34,313.957,567
439,04/14/24:21:15:35,313.865,567
440,04/14/24:21:15:36,313.753,567
441,04/14/24:21:15:37,313.683,567
442,04/14/24:21:15:38,313.589,567
443,04/14/24:21:15:39,313.469,566
444,04/14/24:21:15:40,313.386,566
445,04/14/24:21:15:41,313.279,566
446,04/14/24:21:15:42,313.197,566
447,04/14/24:21:15:43,313.127,566
448,04/14/24:21:15:45,313.051,566
449,04/14/24:21:15:46,312.984,565
450,04/14/24:21:15:47,312.89,565
451,04/14/24:21:15:48,312.813,565
452,04/14/24:21:15:49,312.746,565
453,04/14/24:21:15:50,312.679,565
454,04/14/24:21:15:51,312.607,565
455,04/14/24:21:15:52,312.541,565
456,04/14/24:21:15:53,312.447,564
457,04/14/24:21:15:54,312.368,564
458,04/14/24:21:15:55,312.294,564
459,04/14/24:21:15:56,312.249,564
460,04/14/24:21:15:57,312.186,564
461,04/14/24:21:15:58,312.12,564
462,04/14/24:21:15:59,312.058,564
463,04/14/24:21:16:00,311.993,563
464,04/14/24:21:16:01,311.921,563
465,04/14/24:21:16:02,311.884,563
466,04/14/24:21:16:03,311.882,563
467,04/14/24:21:16:04,311.881,563
468,04/14/24:21:16:05,311.877,563
469,04/14/24:21:16:06,311.901,563
470,04/14/24:21:16:07,311.941,563
471,04/14/24:21:16:09,312.003,564
472,04/14/24:21:16:10,312.109,564
473,04/14/24:21:16:11,312.248,564
474,04/14/24:21:16:12,312.41,564
475,04/14/24:21:16:13,312.644,565
476,04/14/24:21:16:14,312.946,565
477,04/14/24:21:16:15,313.308,566
478,04/14/24:21:16:16,313.682,567
479,04/14/24:21:16:17,314.1,568
480,04/14/24:21:16:18,314.561,569
481,04/14/24:21:16:19,315.073,570
482,04/14/24:21:16:20,315.583,571
483,04/14/24:21:16:21,316.175,572
484,04/14/24:21:16:22,316.719,573
485,04/14/24:21:16:23,317.316,574
486,04/14/24:21:16:24,317.939,575
487,04/14/24:21:16:25,318.516,577
488,04/14/24:21:16:26,319.156,578
489,04/14/24:21:16:27,319.695,579
490,04/14/24:21:16:28,320.275,580
491,04/14/24:21:16:29,320.841,581
492,04/14/24:21:16:30,321.38,582
493,04/14/24:21:16:31,321.875,583
494,04/14/24:21:16:33,322.399,584
495,04/14/24:21:16:34,322.832,585
496,04/14/24:21:16:35,323.254,586
497,04/14/24:21:16:36,323.644,587
498,04/14/24:21:16:37,323.988,587
499,04/14/24:21:16:38,324.315,588
500,04/14/24:21:16:39,324.615,589
501,04/14/24:21:16:40,324.889,589
502,04/14/24:21:16:41,325.116,590
503,04/14/24:21:16:42,325.332,590
504,04/14/24:21:16:43,325.523,591
505,04/14/24:21:16:44,325.7,591
506,04/14/24:21:16:45,325.827,591
507,04/14/24:21:16:46,325.922,591
508,04/14/24:21:16:47,326.003,592
509,04/14/24:21:16:48,326.091,592
510,04/14/24:21:16:49,326.159,592
511,04/14/24:21:16:50,326.167,592
512,04/14/24:21:16:51,326.179,592
513,04/14/24:21:16:52,326.177,592
514,04/14/24:21:16:53,326.185,592
515,04/14/24:21:16:54,326.168,592
516,04/14/24:21:16:56,326.135,592
517,04/14/24:21:16:57,326.093,592
518,04/14/24:21:16:58,326.043,592
519,04/14/24:21:16:59,325.977,591
520,04/14/24:21:17:00,325.909,591
521,04/14/24:21:17:01,325.837,591
522,04/14/24:21:17:02,325.718,591
523,04/14/24:21:17:03,325.63,591
524,04/14/24:21:17:04,325.533,591
525,04/14/24:21:17:05,325.407,590
526,04/14/24:21:17:06,325.293,590
527,04/14/24:21:17:07,325.155,590
528,04/14/24:21:17:08,325.025,590
529,04/14/24:21:17:09,324.894,589
530,04/14/24:21:17:10,324.744,589
531,04/14/24:21:17:11,324.627,589
532,04/14/24:21:17:12,324.494,588
533,04/14/24:21:17:13,324.338,588
534,04/14/24:21:17:14,324.195,588
535,04/14/24:21:17:15,324.047,588
536,04/14/24:21:17:16,323.876,587
537,04/14/24:21:17:17,323.705,587
538,04/14/24:21:17:18,323.545,587
539,04/14/24:21:17:19,323.39,586
540,04/14/24:21:17:20,323.234,586
541,04/14/24:21:17:22,323.068,586
542,04/14/24:21:17:23,322.923,585
543,04/14/24:21:17:24,322.788,585
544,04/14/24:21:17:25,322.644,585
545,04/14/24:21:17:26,322.479,584
546,04/14/24:21:17:27,322.368,584
547,04/14/24:21:17:28,322.256,584
548,04/14/24:21:17:29,322.132,584
549,04/14/24:21:17:30,322.014,584
550,04/14/24:21:17:31,321.901,583
551,04/14/24:21:17:32,321.804,583
552,04/14/24:21:17:33,321.712,583
553,04/14/24:21:17:34,321.635,583
554,04/14/24:21:17:35,321.56,583
555,04/14/24:21:17:36,321.475,582
556,04/14/24:21:17:37,321.378,582
557,04/14/24:21:17:38,321.301,582
558,04/14/24:21:17:39,321.238,582
559,04/14/24:21:17:40,321.181,582
560,04/14/24:21:17:41,321.139,582
561,04/14/24:21:17:42,321.103,582
562,04/14/24:21:17:43,321.048,582
563,04/14/24:21:17:44,320.986,581
564,04/14/24:21:17:45,320.939,581
565,04/14/24:21:17:46,320.861,581
566,04/14/24:21:17:48,320.809,581
567,04/14/24:21:17:49,320.743,581
568,04/14/24:21:17:50,320.663,581
569,04/14/24:21:17:51,320.584,581
570,04/14/24:21:17:52,320.537,581
571,04/14/24:21:17:53,320.467,580
572,04/14/24:21:17:54,320.422,580
573,04/14/24:21:17:55,320.387,580
574,04/14/24:21:17:56,320.37,580
575,04/14/24:21:17:57,320.367,580
576,04/14/24:21:17:58,320.369,580
577,04/14/24:21:17:59,320.414,580
578,04/14/24:21:18:00,320.46,580
579,04/14/24:21:18:01,320.493,580
580,04/14/24:21:18:02,320.566,581
581,04/14/24:21:18:03,320.671,581
582,04/14/24:21:18:04,320.775,581
583,04/14/24:21:18:05,320.978,581
584,04/14/24:21:18:06,321.164,582
585,04/14/24:21:18:07,321.355,582
586,04/14/24:21:18:08,321.568,583
587,04/14/24:21:18:09,321.798,583
588,04/14/24:21:18:10,322.075,584
589,04/14/24:21:18:12,322.332,584
590,04/14/24:21:18:13,322.624,585
591,04/14/24:21:18:14,322.881,585
592,04/14/24:21:18:15,323.132,586
593,04/14/24:21:18:16,323.407,586
594,04/14/24:21:18:17,323.676,587
595,04/14/24:21:18:18,323.937,587
596,04/14/24:21:18:19,324.229,588
597,04/14/24:21:18:20,324.47,588
598,04/14/24:21:18:21,324.684,589
599,04/14/24:21:18:22,324.891,589
600,04/14/24:21:18:23,325.082,590
601,04/14/24:21:18:24,325.265,590
602,04/14/24:21:18:25,325.432,590
603,04/14/24:21:18:26,325.567,591
604,04/14/24:21:18:27,325.667,591
605,04/14/24:21:18:28,325.746,591
606,04/14/24:21:18:29,325.835,591
607,04/14/24:21:18:30,325.908,591
608,04/14/24:21:18:31,325.941,591
609,04/14/24:21:18:32,325.963,591
610,04/14/24:21:18:33,325.961,591
611,04/14/24:21:18:34,325.937,591
612,04/14/24:21:18:35,325.911,591
613,04/14/24:21:18:37,325.879,591
614,04/14/24:21:18:38,325.817,591
615,04/14/24:21:18:39,325.746,591
616,04/14/24:21:18:40,325.658,591
617,04/14/24:21:18:41,325.561,591
618,04/14/24:21:18:42,325.473,590
619,04/14/24:21:18:43,325.386,590
620,04/14/24:21:18:44,325.267,590
621,04/14/24:21:18:45,325.13,590
622,04/14/24:21:18:46,325.02,590
623,04/14/24:21:18:47,324.864,589
624,04/14/24:21:18:48,324.721,589
625,04/14/24:21:18:49,324.571,589
626,04/14/24:21:18:50,324.43,588
627,04/14/24:21:18:51,324.292,588
628,04/14/24:21:18:52,324.128,588
629,04/14/24:21:18:53,323.999,587
630,04/14/24:21:18:54,323.868,587
631,04/14/24:21:18:55,323.7,587
632,04/14/24:21:18:56,323.52,587
633,04/14/24:21:18:57,323.343,586
634,04/14/24:21:18:58,323.19,586
635,04/14/24:21:19:00,323.022,586
636,04/14/24:21:19:01,322.861,585
637,04/14/24:21:19:02,322.684,585
638,04/14/24:21:19:03,322.517,585
639,04/14/24:21:19:04,322.367,584
640,04/14/24:21:19:05,322.216,584
641,04/14/24:21:19:06,322.076,584
642,04/14/24:21:19:07,321.937,583
643,04/14/24:21:19:08,321.825,583
644,04/14/24:21:19:09,321.724,583
645,04/14/24:21:19:10,321.62,583
646,04/14/24:21:19:11,321.512,583
647,04/14/24:21:19:12,321.4,582
648,04/14/24:21:19:13,321.296,582
649,04/14/24:21:19:14,321.227,582
650,04/14/24:21:19:15,321.17,582
651,04/14/24:21:19:16,321.111,582
652,04/14/24:21:19:17,321.094,582
653,04/14/24:21:19:18,321.092,582
654,04/14/24:21:19:19,321.096,582
655,04/14/24:21:19:20,321.084,582
656,04/14/24:21:19:21,321.069,582
657,04/14/24:21:19:23,321.074,582
658,04/14/24:21:19:24,321.078,582
659,04/14/24:21:19:25,321.081,582
660,04/14/24:21:19:26,321.095,582
661,04/14/24:21:19:27,321.131,582
662,04/14/24:21:19:28,321.157,582
663,04/14/24:21:19:29,321.207,582
664,04/14/24:21:19:30,321.242,582
665,04/14/24:21:19:31,321.279,582
666,04/14/24:21:19:32,321.308,582
667,04/14/24:21:19:33,321.315,582
668,04/14/24:21:19:34,321.339,582
669,04/14/24:21:19:35,321.371,582
670,04/14/24:21:19:36,321.403,582
671,04/14/24:21:19:37,321.425,582
672,04/14/24:21:19:38,321.429,582
673,04/14/24:21:19:39,321.431,582
674,04/14/24:21:19:40,321.438,582
675,04/14/24:21:19:41,321.449,582
676,04/14/24:21:19:42,321.446,582
677,04/14/24:21:19:43,321.452,582
678,04/14/24:21:19:44,321.467,582
679,04/14/24:21:19:45,321.478,582
680,04/14/24:21:19:47,321.477,582
681,04/14/24:21:19:48,321.501,583
682,04/14/24:21:19:49,321.529,583
683,04/14/24:21:19:50,321.545,583
684,04/14/24:21:19:51,321.549,583
685,04/14/24:21:19:52,321.585,583
686,04/14/24:21:19:53,321.607,583
687,04/14/24:21:19:54,321.624,583
688,04/14/24:21:19:55,321.642,583
689,04/14/24:21:19:56,321.641,583
690,04/14/24:21:19:57,321.676,583
691,04/14/24:21:19:58,321.687,583
692,04/14/24:21:19:59,321.728,583
693,04/14/24:21:20:00,321.725,583
694,04/14/24:21:20:01,321.712,583
695,04/14/24:21:20:02,321.687,583
696,04/14/24:21:20:03,321.666,583
697,04/14/24:21:20:04,321.639,583
698,04/14/24:21:20:05,321.62,583
699,04/14/24:21:20:06,321.595,583
700,04/14/24:21:20:07,321.577,583
701,04/14/24:21:20:08,321.573,583
702,04/14/24:21:20:09,321.561,583
703,04/14/24:21:20:10,321.511,583
704,04/14/24:21:20:12,321.436,582
705,04/14/24:21:20:13,321.379,582
706,04/14/24:21:20:14,321.33,582
707,04/14/24:21:20:15,321.256,582
708,04/14/24:21:20:16,321.169,582
709,04/14/24:21:20:17,321.081,582
710,04/14/24:21:20:18,320.987,581
711,04/14/24:21:20:19,320.939,581
712,04/14/24:21:20:20,320.858,581
713,04/14/24:21:20:21,320.737,581
714,04/14/24:21:20:22,320.647,581
715,04/14/24:21:20:23,320.55,581
716,04/14/24:21:20:24,320.441,580
717,04/14/24:21:20:25,320.317,580
718,04/14/24:21:20:26,320.213,580
719,04/14/24:21:20:27,320.106,580
720,04/14/24:21:20:28,319.988,579
721,04/14/24:21:20:29,319.874,579
722,04/14/24:21:20:30,319.754,579
723,04/14/24:21:20:31,319.632,579
724,04/14/24:21:20:32,319.528,579
725,04/14/24:21:20:33,319.375,578
726,04/14/24:21:20:34,319.259,578
727,04/14/24:21:20:36,319.125,578
728,04/14/24:21:20:37,319.014,578
729,04/14/24:21:20:38,318.897,577
730,04/14/24:21:20:39,318.782,577
731,04/14/24:21:20:40,318.653,577
732,04/14/24:21:20:41,318.53,577
733,04/14/24:21:20:42,318.414,576
734,04/14/24:21:20:43,318.3,576
735,04/14/24:21:20:44,318.2,576
736,04/14/24:21:20:45,318.097,576
737,04/14/24:21:20:46,317.985,575
738,04/14/24:21:20:47,317.848,575
739,04/14/24:21:20:48,317.709,575
740,04/14/24:21:20:49,317.606,575
741,04/14/24:21:20:50,317.461,574
742,04/14/24:21:20:51,317.346,574
743,04/14/24:21:20:52,317.244,574
744,04/14/24:21:20:53,317.145,574
745,04/14/24:21:20:54,317.031,574
746,04/14/24:21:20:55,316.92,573
747,04/14/24:21:20:56,316.798,573
748,04/14/24:21:20:57,316.687,573
749,04/14/24:21:20:58,316.581,573
750,04/14/24:21:20:59,316.474,572
751,04/14/24:21:21:00,316.352,572
752,04/14/24:21:21:01,316.231,572
753,04/14/24:21:21:02,316.129,572
754,04/14/24:21:21:04,316.025,572
755,04/14/24:21:21:05,315.925,571
756,04/14/24:21:21:06,315.837,571
757,04/14/24:21:21:07,315.749,571
758,04/14/24:21:21:08,315.658,571
759,04/14/24:21:21:09,315.55,571
760,04/14/24:21:21:10,315.467,570
761,04/14/24:21:21:11,315.384,570
762,04/14/24:21:21:12,315.285,570
763,04/14/24:21:21:13,315.191,570
764,04/14/24:21:21:14,315.099,570
765,04/14/24:21:21:15,315.007,570
766,04/14/24:21:21:16,314.906,569
767,04/14/24:21:21:17,314.821,569
768,04/14/24:21:21:18,314.727,569
769,04/14/24:21:21:19,314.637,569
770,04/14/24:21:21:20,314.551,569
771,04/14/24:21:21:21,314.467,568
772,04/14/24:21:21:22,314.397,568
773,04/14/24:21:21:23,314.325,568
774,04/14/24:21:21:24,314.257,568
775,04/14/24:21:21:25,314.179,568
776,04/14/24:21:21:26,314.11,568
777,04/14/24:21:21:27,314.031,568
778,04/14/24:21:21:28,313.927,567
779,04/14/24:21:21:29,313.845,567
780,04/14/24:21:21:31,313.793,567
781,04/14/24:21:21:32,313.741,567
782,04/14/24:21:21:33,313.668,567
783,04/14/24:21:21:34,313.612,567
784,04/14/24:21:21:35,313.554,567
785,04/14/24:21:21:36,313.489,566
786,04/14/24:21:21:37,313.424,566
787,04/14/24:21:21:38,313.355,566
788,04/14/24:21:21:39,313.284,566
789,04/14/24:21:21:40,313.221,566
790,04/14/24:21:21:41,313.169,566
791,04/14/24:21:21:42,313.121,566
792,04/14/24:21:21:43,313.068,566
793,04/14/24:21:21:44,312.998,565
794,04/14/24:21:21:45,312.918,565
795,04/14/24:21:21:46,312.876,565
796,04/14/24:21:21:47,312.848,565
797,04/14/24:21:21:48,312.814,565
798,04/14/24:21:21:49,312.764,565
799,04/14/24:21:21:50,312.727,565
800,04/14/24:21:21:51,312.682,565
801,04/14/24:21:21:52,312.627,565
802,04/14/24:21:21:53,312.583,565
803,04/14/24:21:21:54,312.53,565
804,04/14/24:21:21:55,312.504,565
805,04/14/24:21:21:56,312.451,564
806,04/14/24:21:21:58,312.405,564
807,04/14/24:21:21:59,312.334,564
808,04/14/24:21:22:00,312.284,564
809,04/14/24:21:22:01,312.235,564
810,04/14/24:21:22:02,312.208,564
811,04/14/24:21:22:03,312.165,564
812,04/14/24:21:22:04,312.086,564
813,04/14/24:21:22:05,312.051,564
814,04/14/24:21:22:06,312.009,564
815,04/14/24:21:22:07,311.969,563
816,04/14/24:21:22:08,311.943,563
817,04/14/24:21:22:09,311.906,563
818,04/14/24:21:22:10,311.871,563
819,04/14/24:21:22:11,311.816,563
820,04/14/24:21:22:12,311.776,563
821,04/14/24:21:22:13,311.715,563
822,04/14/24:21:22:14,311.65,563
823,04/14/24:21:22:15,311.594,563
824,04/14/24:21:22:16,311.54,563
825,04/14/24:21:22:17,311.515,563
826,04/14/24:21:22:18,311.457,562
827,04/14/24:21:22:19,311.406,562
828,04/14/24:21:22:20,311.362,562
829,04/14/24:21:22:21,311.323,562
830,04/14/24:21:22:22,311.28,562
831,04/14/24:21:22:24,311.237,562
832,04/14/24:21:22:25,311.205,562
833,04/14/24:21:22:26,311.163,562
834,04/14/24:21:22:27,311.113,562
835,04/14/24:21:22:28,311.061,562
836,04/14/24:21:22:29,311.013,562
837,04/14/24:21:22:30,310.958,561
838,04/14/24:21:22:31,310.884,561
839,04/14/24:21:22:32,310.82,561
840,04/14/24:21:22:33,310.769,561
841,04/14/24:21:22:34,310.719,561
842,04/14/24:21:22:35,310.709,561
843,04/14/24:21:22:36,310.675,561
844,04/14/24:21:22:37,310.652,561
845,04/14/24:21:22:38,310.62,561
846,04/14/24:21:22:39,310.579,561
847,04/14/24:21:22:40,310.539,561
848,04/14/24:21:22:41,310.524,561
849,04/14/24:21:22:42,310.492,560
850,04/14/24:21:22:43,310.463,560
851,04/14/24:21:22:44,310.419,560
852,04/14/24:21:22:45,310.382,560
853,04/14/24:21:22:46,310.332,560
854,04/14/24:21:22:47,310.293,560
855,04/14/24:21:22:49,310.246,560
856,04/14/24:21:22:50,310.198,560
857,04/14/24:21:22:51,310.151,560
858,04/14/24:21:22:52,310.108,560
859,04/14/24:21:22:53,310.063,560
860,04/14/24:21:22:54,310.02,560
861,04/14/24:21:22:55,309.995,559
862,04/14/24:21:22:56,309.955,559
863,04/14/24:21:22:57,309.918,559
864,04/14/24:21:22:58,309.884,559
865,04/14/24:21:22:59,309.837,559
866,04/14/24:21:23:00,309.826,559
867,04/14/24:21:23:01,309.801,559
868,04/14/24:21:23:02,309.779,559
869,04/14/24:21:23:03,309.747,559
870,04/14/24:21:23:04,309.692,559
871,04/14/24:21:23:05,309.646,559
872,04/14/24:21:23:06,309.611,559
873,04/14/24:21:23:07,309.568,559
874,04/14/24:21:23:08,309.524,559
875,04/14/24:21:23:09,309.497,558
876,04/14/24:21:23:10,309.465,558
877,04/14/24:21:23:11,309.44,558
878,04/14/24:21:23:12,309.383,558
879,04/14/24:21:23:13,309.382,558
880,04/14/24:21:23:14,309.367,558
881,04/14/24:21:23:16,309.376,558
882,04/14/24:21:23:17,309.36,558
883,04/14/24:21:23:18,309.338,558
884,04/14/24:21:23:19,309.343,558
885,04/14/24:21:23:20,309.351,558
886,04/14/24:21:23:21,309.363,558
887,04/14/24:21:23:22,309.368,558
888,04/14/24:21:23:23,309.361,558
889,04/14/24:21:23:24,309.347,558
890,04/14/24:21:23:25,309.369,558
891,04/14/24:21:23:26,309.421,558
892,04/14/24:21:23:27,309.479,558
893,04/14/24:21:23:28,309.521,559
894,04/14/24:21:23:29,309.575,559
895,04/14/24:21:23:30,309.687,559
896,04/14/24:21:23:31,309.8,559
897,04/14/24:21:23:32,309.958,559
898,04/14/24:21:23:33,310.129,560
899,04/14/24:21:23:34,310.281,560
900,04/14/24:21:23:35,310.456,560
901,04/14/24:21:23:36,310.642,561
902,04/14/24:21:23:37,310.845,561
903,04/14/24:21:23:38,311.085,562
904,04/14/24:21:23:39,311.321,562
905,04/14/24:21:23:40,311.582,563
906,04/14/24:21:23:41,311.857,563
907,04/14/24:21:23:43,312.145,564
908,04/14/24:21:23:44,312.467,564
909,04/14/24:21:23:45,312.773,565
910,04/14/24:21:23:46,313.106,566
911,04/14/24:21:23:47,313.426,566
912,04/14/24:21:23:48,313.74,567
913,04/14/24:21:23:49,314.07,568
914,04/14/24:21:23:50,314.362,568
915,04/14/24:21:23:51,314.697,569
916,04/14/24:21:23:52,315.015,570
917,04/14/24:21:23:53,315.305,570
918,04/14/24:21:23:54,315.597,571
919,04/14/24:21:23:55,315.85,571
920,04/14/24:21:23:56,316.129,572
921,04/14/24:21:23:57,316.399,572
922,04/14/24:21:23:58,316.654,573
923,04/14/24:21:23:59,316.901,573
924,04/14/24:21:24:00,317.15,574
925,04/14/24:21:24:01,317.342,574
926,04/14/24:21:24:02,317.532,575
927,04/14/24:21:24:03,317.693,575
928,04/14/24:21:24:04,317.842,575
929,04/14/24:21:24:05,317.983,575
930,04/14/24:21:24:06,318.095,576
931,04/14/24:21:24:07,318.197,576
932,04/14/24:21:24:09,318.284,576
933,04/14/24:21:24:10,318.329,576
934,04/14/24:21:24:11,318.37,576
935,04/14/24:21:24:12,318.397,576
936,04/14/24:21:24:13,318.423,576
937,04/14/24:21:24:14,318.424,576
938,04/14/24:21:24:15,318.421,576
939,04/14/24:21:24:16,318.419,576
940,04/14/24:21:24:17,318.388,576
941,04/14/24:21:24:18,318.358,576
942,04/14/24:21:24:19,318.326,576
943,04/14/24:21:24:20,318.251,576
944,04/14/24:21:24:21,318.197,576
945,04/14/24:21:24:22,318.135,576
946,04/14/24:21:24:23,318.053,576
947,04/14/24:21:24:24,317.98,575
948,04/14/24:21:24:25,317.883,575
949,04/14/24:21:24:26,317.781,575
950,04/14/24:21:24:27,317.688,575
951,04/14/24:21:24:28,317.605,575
952,04/14/24:21:24:29,317.508,575
953,04/14/24:21:24:30,317.432,574
954,04/14/24:21:24:31,317.322,574
955,04/14/24:21:24:33,317.215,574
956,04/14/24:21:24:34,317.104,574
957,04/14/24:21:24:35,317.007,574
958,04/14/24:21:24:36,316.882,573
959,04/14/24:21:24:37,316.749,573
960,04/14/24:21:24:38,316.634,573
961,04/14/24:21:24:39,316.534,573
962,04/14/24:21:24:40,316.45,572
963,04/14/24:21:24:41,316.327,572
964,04/14/24:21:24:42,316.199,572
965,04/14/24:21:24:43,316.07,572
966,04/14/24:21:24:44,315.958,571
967,04/14/24:21:24:45,315.857,571
968,04/14/24:21:24:46,315.731,571
969,04/14/24:21:24:47,315.617,571
970,04/14/24:21:24:48,315.493,570
971,04/14/24:21:24:49,315.372,570
972,04/14/24:21:24:50,315.262,570
973,04/14/24:21:24:51,315.149,570
974,04/14/24:21:24:52,315.003,570
975,04/14/24:21:24:53,314.885,569
976,04/14/24:21:24:54,314.777,569
977,04/14/24:21:24:55,314.654,569
978,04/14/24:21:24:56,314.538,569
979,04/14/24:21:24:57,314.429,568
980,04/14/24:21:24:58,314.33,568
981,04/14/24:21:24:59,314.225,568
982,04/14/24:21:25:01,314.113,568
983,04/14/24:21:25:02,313.991,567
984,04/14/24:21:25:03,313.857,567
985,04/14/24:21:25:04,313.766,567
986,04/14/24:21:25:05,313.669,567
987,04/14/24:21:25:06,313.581,567
988,04/14/24:21:25:07,313.491,566
989,04/14/24:21:25:08,313.368,566
990,04/14/24:21:25:09,313.263,566
991,04/14/24:21:25:10,313.161,566
992,04/14/24:21:25:11,313.078,566
993,04/14/24:21:25:12,312.967,565
994,04/14/24:21:25:13,312.885,565
995,04/14/24:21:25:14,312.792,565
996,04/14/24:21:25:15,312.684,565
997,04/14/24:21:25:16,312.595,565
998,04/14/24:21:25:17,312.498,564
999,04/14/24:21:25:18,312.414,564
1000,04/14/24:21:25:19,312.33,564
1001,04/14/24:21:25:20,312.241,564
1002,04/14/24:21:25:21,312.165,564
1003,04/14/24:21:25:22,312.097,564
1004,04/14/24:21:25:23,312.006,564
1005,04/14/24:21:25:25,311.926,563
1006,04/14/24:21:25:26,311.842,563
1007,04/14/24:21:25:27,311.766,563
1008,04/14/24:21:25:28,311.683,563
1009,04/14/24:21:25:29,311.615,563
1010,04/14/24:21:25:30,311.54,563
1011,04/14/24:21:25:31,311.448,562
1012,04/14/24:21:25:32,311.346,562
1013,04/14/24:21:25:33,311.268,562
1014,04/14/24:21:25:34,311.207,562
1015,04/14/24:21:25:35,311.14,562
1016,04/14/24:21:25:36,311.063,562
1017,04/14/24:21:25:37,311.021,562
1018,04/14/24:21:25:38,310.924,561
1019,04/14/24:21:25:39,310.867,561
1020,04/14/24:21:25:40,310.774,561
1021,04/14/24:21:25:41,310.69,561
1022,04/14/24:21:25:42,310.639,561
1023,04/14/24:21:25:43,310.565,561
1024,04/14/24:21:25:44,310.498,560
1025,04/14/24:21:25:45,310.439,560
1026,04/14/24:21:25:46,310.375,560
1027,04/14/24:21:25:47,310.311,560
1028,04/14/24:21:25:49,310.256,560
1029,04/14/24:21:25:50,310.179,560
1030,04/14/24:21:25:51,310.132,560
1031,04/14/24:21:25:52,310.069,560
1032,04/14/24:21:25:53,310.01,560
1033,04/14/24:21:25:54,309.93,559
1034,04/14/24:21:25:55,309.875,559
1035,04/14/24:21:25:56,309.81,559
1036,04/14/24:21:25:57,309.743,559
1037,04/14/24:21:25:58,309.696,559
1038,04/14/24:21:25:59,309.666,559
1039,04/14/24:21:26:00,309.624,559
1040,04/14/24:21:26:01,309.597,559
1041,04/14/24:21:26:02,309.563,559
1042,04/14/24:21:26:03,309.509,559
1043,04/14/24:21:26:04,309.456,558
1044,04/14/24:21:26:05,309.387,558
1045,04/14/24:21:26:06,309.314,558
1046,04/14/24:21:26:07,309.264,558
1047,04/14/24:21:26:08,309.218,558
1048,04/14/24:21:26:09,309.164,558
1049,04/14/24:21:26:10,309.128,558
1050,04/14/24:21:26:11,309.065,558
1051,04/14/24:21:26:12,309.022,558
1052,04/14/24:21:26:13,308.951,557
1053,04/14/24:21:26:14,308.907,557
1054,04/14/24:21:26:16,308.843,557
1055,04/14/24:21:26:17,308.804,557
1056,04/14/24:21:26:18,308.762,557
1057,04/14/24:21:26:19,308.729,557
1058,04/14/24:21:26:20,308.69,557
1059,04/14/24:21:26:21,308.648,557
1060,04/14/24:21:26:22,308.603,557
1061,04/14/24:21:26:23,308.539,557
1062,04/14/24:21:26:24,308.502,557
1063,04/14/24:21:26:25,308.472,556
1064,04/14/24:21:26:26,308.455,556
1065,04/14/24:21:26:27,308.424,556
1066,04/14/24:21:26:28,308.382,556
1067,04/14/24:21:26:29,308.329,556
1068,04/14/24:21:26:30,308.291,556
1069,04/14/24:21:26:31,308.252,556
1070,04/14/24:21:26:32,308.216,556
1071,04/14/24:21:26:33,308.172,556
1072,04/14/24:21:26:34,308.139,556
1073,04/14/24:21:26:35,308.083,556
1074,04/14/24:21:26:36,308.042,556
1075,04/14/24:21:26:37,308.021,556
1076,04/14/24:21:26:38,308.003,556
1077,04/14/24:21:26:39,307.975,555
1078,04/14/24:21:26:40,307.966,555
1079,04/14/24:21:26:41,307.91,555
1080,04/14/24:21:26:43,307.874,555
1081,04/14/24:21:26:44,307.82,555
1082,04/14/24:21:26:45,307.771,555
1083,04/14/24:21:26:46,307.73,555
1084,04/14/24:21:26:47,307.683,555
1085,04/14/24:21:26:48,307.669,555
1086,04/14/24:21:26:49,307.638,555
1087,04/14/24:21:26:50,307.619,555
1088,04/14/24:21:26:51,307.613,555
1089,04/14/24:21:26:52,307.578,555
1090,04/14/24:21:26:53,307.559,555
1091,04/14/24:21:26:54,307.529,555
1092,04/14/24:21:26:55,307.491,554
1093,04/14/24:21:26:56,307.443,554
1094,04/14/24:21:26:57,307.413,554
1095,04/14/24:21:26:58,307.373,554
1096,04/14/24:21:26:59,307.33,554
1097,04/14/24:21:27:00,307.307,554
1098,04/14/24:21:27:01,307.291,554
1099,04/14/24:21:27:02,307.249,554
1100,04/14/24:21:27:03,307.215,554
1101,04/14/24:21:27:04,307.173,554
1102,04/14/24:21:27:05,307.133,554
1103,04/14/24:21:27:06,307.108,554
1104,04/14/24:21:27:07,307.068,554
1105,04/14/24:21:27:08,307.038,554
1106,04/14/24:21:27:10,307.013,554
1107,04/14/24:21:27:11,306.994,553
1108,04/14/24:21:27:12,306.958,553
1109,04/14/24:21:27:13,306.943,553
1110,04/14/24:21:27:14,306.917,553
1111,04/14/24:21:27:15,306.887,553
1112,04/14/24:21:27:16,306.858,553
1113,04/14/24:21:27:17,306.828,553
1114,04/14/24:21:27:18,306.815,553
1115,04/14/24:21:27:19,306.799,553
1116,04/14/24:21:27:20,306.767,553
1117,04/14/24:21:27:21,306.744,553
1118,04/14/24:21:27:22,306.738,553
1119,04/14/24:21:27:23,306.727,553
1120,04/14/24:21:27:24,306.677,553
1121,04/14/24:21:27:25,306.617,553
1122,04/14/24:21:27:26,306.584,553
1123,04/14/24:21:27:27,306.569,553
1124,04/14/24:21:27:28,306.543,553
1125,04/14/24:21:27:29,306.532,553
1126,04/14/24:21:27:30,306.532,553
1127,04/14/24:21:27:31,306.524,553
1128,04/14/24:21:27:32,306.511,553
1129,04/14/24:21:27:33,306.476,552
1130,04/14/24:21:27:34,306.466,552
1131,04/14/24:21:27:36,306.45,552
1132,04/14/24:21:27:37,306.42,552
1133,04/14/24:21:27:38,306.398,552
1134,04/14/24:21:27:39,306.364,552
1135,04/14/24:21:27:40,306.323,552
1136,04/14/24:21:27:41,306.305,552
1137,04/14/24:21:27:42,306.284,552
1138,04/14/24:21:27:43,306.278,552
1139,04/14/24:21:27:44,306.252,552
1140,04/14/24:21:27:45,306.221,552
1141,04/14/24:21:27:46,306.196,552
1142,04/14/24:21:27:47,306.194,552
1143,04/14/24:21:27:48,306.195,552
1144,04/14/24:21:27:49,306.179,552
1145,04/14/24:21:27:50,306.155,552
1146,04/14/24:21:27:51,306.145,552
1147,04/14/24:21:27:52,306.131,552
1148,04/14/24:21:27:53,306.099,552
1149,04/14/24:21:27:54,306.081,552
1150,04/14/24:21:27:55,306.074,552
1151,04/14/24:21:27:56,306.056,552
1152,04/14/24:21:27:57,306.044,552
1153,04/14/24:21:27:58,306.033,552
1154,04/14/24:21:27:59,306.003,552
1155,04/14/24:21:28:00,305.989,551
1156,04/14/24:21:28:02,305.979,551
1157,04/14/24:21:28:03,305.967,551
1158,04/14/24:21:28:04,305.942,551
1159,04/14/24:21:28:05,305.932,551
1160,04/14/24:21:28:06,305.91,551
1161,04/14/24:21:28:07,305.875,551
1162,04/14/24:21:28:08,305.88,551
1163,04/14/24:21:28:09,305.865,551
1164,04/14/24:21:28:10,305.844,551
1165,04/14/24:21:28:11,305.847,551
1166,04/14/24:21:28:12,305.822,551
1167,04/14/24:21:28:13,305.813,551
1168,04/14/24:21:28:14,305.822,551
1169,04/14/24:21:28:15,305.796,551
1170,04/14/24:21:28:16,305.772,551
1171,04/14/24:21:28:17,305.745,551
1172,04/14/24:21:28:18,305.712,551
1173,04/14/24:21:28:19,305.719,551
1174,04/14/24:21:28:20,305.721,551
1175,04/14/24:21:28:21,305.706,551
1176,04/14/24:21:28:22,305.677,551
1177,04/14/24:21:28:23,305.664,551
1178,04/14/24:21:28:24,305.649,551
1179,04/14/24:21:28:25,305.636,551
1180,04/14/24:21:28:26,305.626,551
1181,04/14/24:21:28:28,305.584,551
1182,04/14/24:21:28:29,305.566,551
1183,04/14/24:21:28:30,305.557,551
1184,04/14/24:21:28:31,305.547,551
1185,04/14/24:21:28:32,305.541,551
1186,04/14/24:21:28:33,305.524,551
1187,04/14/24:21:28:34,305.531,551
1188,04/14/24:21:28:35,305.498,550
1189,04/14/24:21:28:36,305.467,550
1190,04/14/24:21:28:37,305.459,550
1191,04/14/24:21:28:38,305.438,550
1192,04/14/24:21:28:39,305.408,550
1193,04/14/24:21:28:40,305.413,550
1194,04/14/24:21:28:41,305.42,550
1195,04/14/24:21:28:42,305.43,550
1196,04/14/24:21:28:43,305.413,550
1197,04/14/24:21:28:44,305.386,550
1198,04/14/24:21:28:45,305.361,550
1199,04/14/24:21:28:46,305.35,550
1200,04/14/24:21:28:47,305.338,550
1201,04/14/24:21:28:48,305.305,550
1202,04/14/24:21:28:49,305.296,550
1203,04/14/24:21:28:50,305.287,550
1204,04/14/24:21:28:51,305.262,550
1205,04/14/24:21:28:52,305.259,550
1206,04/14/24:21:28:53,305.245,550
1207,04/14/24:21:28:55,305.261,550
1208,04/14/24:21:28:56,305.251,550
1209,04/14/24:21:28:57,305.257,550
1210,04/14/24:21:28:58,305.225,550
1211,04/14/24:21:28:59,305.199,550
1212,04/14/24:21:29:00,305.199,550
1213,04/14/24:21:29:01,305.207,550
1214,04/14/24:21:29:02,305.198,550
1215,04/14/24:21:29:03,305.188,550
1216,04/14/24:21:29:04,305.191,550
1217,04/14/24:21:29:05,305.166,550
1218,04/14/24:21:29:06,305.154,550
1219,04/14/24:21:29:07,305.145,550
1220,04/14/24:21:29:08,305.135,550
1221,04/14/24:21:29:09,305.126,550
1222,04/14/24:21:29:10,305.126,550
1223,04/14/24:21:29:11,305.119,550
1224,04/14/24:21:29:12,305.117,550
1225,04/14/24:21:29:13,305.127,550
1226,04/14/24:21:29:14,305.111,550
1227,04/14/24:21:29:15,305.078,550
1228,04/14/24:21:29:16,305.071,550
1229,04/14/24:21:29:17,305.065,550
1230,04/14/24:21:29:18,305.051,550
1231,04/14/24:21:29:19,305.019,550
1232,04/14/24:21:29:20,304.981,549
1233,04/14/24:21:29:22,304.982,549
1234,04/14/24:21:29:23,304.981,549
1235,04/14/24:21:29:24,304.961,549
1236,04/14/24:21:29:25,304.946,549
1237,04/14/24:21:29:26,304.929,549
1238,04/14/24:21:29:27,304.932,549
1239,04/14/24:21:29:28,304.918,549
1240,04/14/24:21:29:29,304.913,549
1241,04/14/24:21:29:30,304.878,549
1242,04/14/24:21:29:31,304.862,549
1243,04/14/24:21:29:32,304.865,549
1244,04/14/24:21:29:33,304.852,549
1245,04/14/24:21:29:34,304.838,549
1246,04/14/24:21:29:35,304.827,549
1247,04/14/24:21:29:36,304.793,549
1248,04/14/24:21:29:37,304.794,549
1249,04/14/24:21:29:38,304.788,549
1250,04/14/24:21:29:39,304.794,549
1251,04/14/24:21:29:40,304.785,549
1252,04/14/24:21:29:41,304.766,549
1253,04/14/24:21:29:42,304.75,549
1254,04/14/24:21:29:43,304.747,549
1255,04/14/24:21:29:44,304.739,549
1256,04/14/24:21:29:45,304.737,549
1257,04/14/24:21:29:46,304.732,549
1258,04/14/24:21:29:47,304.731,549
1259,04/14/24:21:29:49,304.722,549
1260,04/14/24:21:29:50,304.73,549
1261,04/14/24:21:29:51,304.735,549
1262,04/14/24:21:29:52,304.735,549
1263,04/14/24:21:29:53,304.708,549
1264,04/14/24:21:29:54,304.703,549
1265,04/14/24:21:29:55,304.675,549
1266,04/14/24:21:29:56,304.682,549
1267,04/14/24:21:29:57,304.669,549
1268,04/14/24:21:29:58,304.663,549
1269,04/14/24:21:29:59,304.631,549
1270,04/14/24:21:30:00,304.614,549
1271,04/14/24:21:30:01,304.591,549
1272,04/14/24:21:30:02,304.589,549
1273,04/14/24:21:30:03,304.564,549
1274,04/14/24:21:30:04,304.541,549
1275,04/14/24:21:30:05,304.57,549
1276,04/14/24:21:30:06,304.564,549
1277,04/14/24:21:30:07,304.527,549
1278,04/14/24:21:30:08,304.524,549
1279,04/14/24:21:30:09,304.517,549
1280,04/14/24:21:30:10,304.512,549
1281,04/14/24:21:30:11,304.508,549
1282,04/14/24:21:30:12,304.523,549
1283,04/14/24:21:30:13,304.508,549
1284,04/14/24:21:30:15,304.515,549
1285,04/14/24:21:30:16,304.501,549
1286,04/14/24:21:30:17,304.482,548
1287,04/14/24:21:30:18,304.47,548
1288,04/14/24:21:30:19,304.47,548
1289,04/14/24:21:30:20,304.466,548
1290,04/14/24:21:30:21,304.446,548
1291,04/14/24:21:30:22,304.42,548
1292,04/14/24:21:30:23,304.402,548
1293,04/14/24:21:30:24,304.396,548
1294,04/14/24:21:30:25,304.382,548
1295,04/14/24:21:30:26,304.375,548
1296,04/14/24:21:30:27,304.371,548
1297,04/14/24:21:30:28,304.365,548
1298,04/14/24:21:30:29,304.346,548
1299,04/14/24:21:30:30,304.336,548
1300,04/14/24:21:30:31,304.331,548
1301,04/14/24:21:30:32,304.309,548
1302,04/14/24:21:30:33,304.299,548
1303,04/14/24:21:30:34,304.309,548
1304,04/14/24:21:30:35,304.293,548
1305,04/14/24:21:30:36,304.277,548
1306,04/14/24:21:30:38,304.268,548
1307,04/14/24:21:30:39,304.252,548
1308,04/14/24:21:30:40,304.232,548
1309,04/14/24:21:30:41,304.233,548
1310,04/14/24:21:30:42,304.213,548
1311,04/14/24:21:30:43,304.197,548
1312,04/14/24:21:30:44,304.18,548
1313,04/14/24:21:30:45,304.171,548
1314,04/14/24:21:30:46,304.171,548
1315,04/14/24:21:30:47,304.175,548
1316,04/14/24:21:30:48,304.147,548
1317,04/14/24:21:30:49,304.152,548
1318,04/14/24:21:30:50,304.134,548
1319,04/14/24:21:30:51,304.143,548
1320,04/14/24:21:30:52,304.143,548
1321,04/14/24:21:30:53,304.122,548
1322,04/14/24:21:30:54,304.107,548
1323,04/14/24:21:30:55,304.114,548
1324,04/14/24:21:30:56,304.105,548
1325,04/14/24:21:30:57,304.103,548
1326,04/14/24:21:30:58,304.1,548
1327,04/14/24:21:30:59,304.081,548
1328,04/14/24:21:31:00,304.078,548
1329,04/14/24:21:31:01,304.048,548
1330,04/14/24:21:31:03,304.044,548
1331,04/14/24:21:31:04,304.043,548
1332,04/14/24:21:31:05,304.012,548
1333,04/14/24:21:31:06,303.997,547
1334,04/14/24:21:31:07,303.991,547
1335,04/14/24:21:31:08,303.98,547
1336,04/14/24:21:31:09,303.966,547
1337,04/14/24:21:31:10,303.971,547
1338,04/14/24:21:31:11,303.966,547
1339,04/14/24:21:31:12,303.955,547
1340,04/14/24:21:31:13,303.951,547
1341,04/14/24:21:31:14,303.956,547
1342,04/14/24:21:31:15,303.929,547
1343,04/14/24:21:31:16,303.918,547
1344,04/14/24:21:31:17,303.898,547
1345,04/14/24:21:31:18,303.897,547
1346,04/14/24:21:31:19,303.91,547
1347,04/14/24:21:31:20,303.876,547
1348,04/14/24:21:31:21,303.849,547
1349,04/14/24:21:31:22,303.853,547
1350,04/14/24:21:31:23,303.863,547
1351,04/14/24:21:31:24,303.879,547
1352,04/14/24:21:31:25,303.889,547
1353,04/14/24:21:31:26,303.885,547
1354,04/14/24:21:31:27,303.869,547
1355,04/14/24:21:31:29,303.877,547
1356,04/14/24:21:31:30,303.869,547
1357,04/14/24:21:31:31,303.859,547
1358,04/14/24:21:31:32,303.854,547
1359,04/14/24:21:31:33,303.841,547
1360,04/14/24:21:31:34,303.84,547
1361,04/14/24:21:31:35,303.833,547
1362,04/14/24:21:31:36,303.828,547
1363,04/14/24:21:31:37,303.82,547
1364,04/14/24:21:31:38,303.839,547
1365,04/14/24:21:31:39,303.817,547
1366,04/14/24:21:31:40,303.813,547
1367,04/14/24:21:31:41,303.801,547
1368,04/14/24:21:31:42,303.805,547
1369,04/14/24:21:31:43,303.811,547
1370,04/14/24:21:31:44,303.792,547
1371,04/14/24:21:31:45,303.772,547
1372,04/14/24:21:31:46,303.749,547
1373,04/14/24:21:31:47,303.744,547
1374,04/14/24:21:31:48,303.737,547
1375,04/14/24:21:31:49,303.745,547
1376,04/14/24:21:31:50,303.725,547
1377,04/14/24:21:31:51,303.718,547
1378,04/14/24:21:31:52,303.708,547
1379,04/14/24:21:31:53,303.698,547
1380,04/14/24:21:31:54,303.705,547
1381,04/14/24:21:31:56,303.69,547
1382,04/14/24:21:31:57,303.683,547
1383,04/14/24:21:31:58,303.686,547
1384,04/14/24:21:31:59,303.681,547
1385,04/14/24:21:32:00,303.659,547
1386,04/14/24:21:32:01,303.657,547
1387,04/14/24:21:32:02,303.644,547
1388,04/14/24:21:32:03,303.641,547
1389,04/14/24:21:32:04,303.649,547
1390,04/14/24:21:32:05,303.645,547
1391,04/14/24:21:32:06,303.645,547
1392,04/14/24:21:32:07,303.653,547
1393,04/14/24:21:32:08,303.64,547
1394,04/14/24:21:32:09,303.614,547
1395,04/14/24:21:32:10,303.58,547
1396,04/14/24:21:32:11,303.578,547
1397,04/14/24:21:32:12,303.581,547
1398,04/14/24:21:32:13,303.562,547
1399,04/14/24:21:32:14,303.548,547
1400,04/14/24:21:32:15,303.562,547
1401,04/14/24:21:32:16,303.558,547
1402,04/14/24:21:32:17,303.559,547
1403,04/14/24:21:32:18,303.559,547
1404,04/14/24:21:32:20,303.542,547
1405,04/14/24:21:32:21,303.529,547
1406,04/14/24:21:32:22,303.526,547
1407,04/14/24:21:32:23,303.519,547
1408,04/14/24:21:32:24,303.522,547
1409,04/14/24:21:32:25,303.5,547
1410,04/14/24:21:32:26,303.49,546
1411,04/14/24:21:32:27,303.491,546
1412,04/14/24:21:32:28,303.481,546
1413,04/14/24:21:32:29,303.503,547
1414,04/14/24:21:32:30,303.48,546
1415,04/14/24:21:32:31,303.459,546
1416,04/14/24:21:32:32,303.472,546
1417,04/14/24:21:32:33,303.467,546
1418,04/14/24:21:32:34,303.45,546
1419,04/14/24:21:32:35,303.454,546
1420,04/14/24:21:32:36,303.431,546
1421,04/14/24:21:32:37,303.418,546
1422,04/14/24:21:32:38,303.406,546
1423,04/14/24:21:32:39,303.402,546
1424,04/14/24:21:32:40,303.391,546
1425,04/14/24:21:32:41,303.403,546
1426,04/14/24:21:32:42,303.413,546
1427,04/14/24:21:32:44,303.408,546
1428,04/14/24:21:32:45,303.383,546
1429,04/14/24:21:32:46,303.38,546
1430,04/14/24:21:32:47,303.38,546
1431,04/14/24:21:32:48,303.373,546
1432,04/14/24:21:32:49,303.367,546
1433,04/14/24:21:32:50,303.373,546
1434,04/14/24:21:32:51,303.385,546
1435,04/14/24:21:32:52,303.383,546
1436,04/14/24:21:32:53,303.378,546
1437,04/14/24:21:32:54,303.385,546
1438,04/14/24:21:32:55,303.374,546
1439,04/14/24:21:32:56,303.357,546
1440,04/14/24:21:32:57,303.362,546
1441,04/14/24:21:32:58,303.369,546
1442,04/14/24:21:32:59,303.348,546
1443,04/14/24:21:33:00,303.33,546
1444,04/14/24:21:33:01,303.329,546
1445,04/14/24:21:33:02,303.33,546
1446,04/14/24:21:33:03,303.317,546
1447,04/14/24:21:33:04,303.321,546
1448,04/14/24:21:33:05,303.319,546
1449,04/14/24:21:33:06,303.303,546
1450,04/14/24:21:33:07,303.303,546
1451,04/14/24:21:33:08,303.304,546
1452,04/14/24:21:33:09,303.329,546
1453,04/14/24:21:33:11,303.309,546
1454,04/14/24:21:33:12,303.276,546
1455,04/14/24:21:33:13,303.283,546
1456,04/14/24:21:33:14,303.265,546
1457,04/14/24:21:33:15,303.256,546
1458,04/14/24:21:33:16,303.245,546
1459,04/14/24:21:33:17,303.239,546
1460,04/14/24:21:33:18,303.236,546
1461,04/14/24:21:33:19,303.242,546
1462,04/14/24:21:33:20,303.226,546
1463,04/14/24:21:33:21,303.228,546
1464,04/14/24:21:33:22,303.239,546
1465,04/14/24:21:33:23,303.23,546
1466,04/14/24:21:33:24,303.217,546
1467,04/14/24:21:33:25,303.206,546
1468,04/14/24:21:33:26,303.199,546
1469,04/14/24:21:33:27,303.208,546
1470,04/14/24:21:33:28,303.196,546
1471,04/14/24:21:33:29,303.215,546
1472,04/14/24:21:33:30,303.194,546
1473,04/14/24:21:33:31,303.17,546
1474,04/14/24:21:33:32,303.183,546
1475,04/14/24:21:33:33,303.191,546
1476,04/14/24:21:33:34,303.211,546
1477,04/14/24:21:33:35,303.187,546
1478,04/14/24:21:33:36,303.196,546
1479,04/14/24:21:33:38,303.184,546
1480,04/14/24:21:33:39,303.161,546
1481,04/14/24:21:33:40,303.147,546
1482,04/14/24:21:33:41,303.142,546
1483,04/14/24:21:33:42,303.167,546
1484,04/14/24:21:33:43,303.151,546
1485,04/14/24:21:33:44,303.131,546
1486,04/14/24:21:33:45,303.13,546
1487,04/14/24:21:33:46,303.119,546
1488,04/14/24:21:33:47,303.13,546
1489,04/14/24:21:33:48,303.133,546
1490,04/14/24:21:33:49,303.129,546
1491,04/14/24:21:33:50,303.136,546
1492,04/14/24:21:33:51,303.139,546
1493,04/14/24:21:33:52,303.133,546
1494,04/14/24:21:33:53,303.124,546
1495,04/14/24:21:33:54,303.102,546
1496,04/14/24:21:33:55,303.086,546
1497,04/14/24:21:33:56,303.072,546
1498,04/14/24:21:33:57,303.078,546
1499,04/14/24:21:33:58,303.072,546
1500,04/14/24:21:33:59,303.068,546
1501,04/14/24:21:34:00,303.061,546
1502,04/14/24:21:34:01,303.038,546
1503,04/14/24:21:34:02,303.044,546
1504,04/14/24:21:34:03,303.035,546
1505,04/14/24:21:34:05,303.025,546
1506,04/14/24:21:34:06,303.029,546
1507,04/14/24:21:34:07,303.022,546
1508,04/14/24:21:34:08,303.03,546
1509,04/14/24:21:34:09,303.05,546
1510,04/14/24:21:34:10,303.046,546
1511,04/14/24:21:34:11,303.033,546
1512,04/14/24:21:34:12,303.024,546
1513,04/14/24:21:34:13,303.031,546
1514,04/14/24:21:34:14,303.022,546
1515,04/14/24:21:34:15,303.011,546
1516,04/14/24:21:34:16,303.018,546
1517,04/14/24:21:34:17,303.007,546
1518,04/14/24:21:34:18,303.027,546
1519,04/14/24:21:34:19,303.029,546
1520,04/14/24:21:34:20,303.024,546
1521,04/14/24:21:34:21,303.026,546
1522,04/14/24:21:34:22,303.028,546
1523,04/14/24:21:34:23,303.017,546
1524,04/14/24:21:34:24,302.999,545
1525,04/14/24:21:34:25,303.008,546
1526,04/14/24:21:34:26,303.026,546
1527,04/14/24:21:34:27,303.016,546
1528,04/14/24:21:34:28,303.026,546
1529,04/14/24:21:34:30,303.033,546
1530,04/14/24:21:34:31,303.031,546
1531,04/14/24:21:34:32,303.029,546
1532,04/14/24:21:34:33,303.032,546
1533,04/14/24:21:34:34,303.018,546
1534,04/14/24:21:34:35,303.011,546
1535,04/14/24:21:34:36,303.007,546
1536,04/14/24:21:34:37,303.0,546
1537,04/14/24:21:34:38,303.007,546
1538,04/14/24:21:34:39,302.989,545
1539,04/14/24:21:34:40,302.991,545
1540,04/14/24:21:34:41,302.978,545
1541,04/14/24:21:34:42,302.974,545
1542,04/14/24:21:34:43,302.995,545
1543,04/14/24:21:34:44,302.988,545
1544,04/14/24:21:34:45,302.984,545
1545,04/14/24:21:34:46,302.966,545
1546,04/14/24:21:34:47,302.956,545
1547,04/14/24:21:34:48,302.933,545
1548,04/14/24:21:34:49,302.935,545
1549,04/14/24:21:34:51,302.929,545
1550,04/14/24:21:34:52,302.95,545
1551,04/14/24:21:34:53,302.967,545
1552,04/14/24:21:34:54,302.964,545
1553,04/14/24:21:34:55,302.958,545
1554,04/14/24:21:34:56,302.942,545
1555,04/14/24:21:34:57,302.928,545
1556,04/14/24:21:34:58,302.934,545
1557,04/14/24:21:34:59,302.92,545
1558,04/14/24:21:35:00,302.914,545
1559,04/14/24:21:35:01,302.914,545
1560,04/14/24:21:35:02,302.911,545
1561,04/14/24:21:35:03,302.918,545
1562,04/14/24:21:35:04,302.927,545
1563,04/14/24:21:35:05,302.911,545
1564,04/14/24:21:35:06,302.908,545
1565,04/14/24:21:35:07,302.925,545
1566,04/14/24:21:35:08,302.919,545
1567,04/14/24:21:35:09,302.897,545
1568,04/14/24:21:35:10,302.885,545
1569,04/14/24:21:35:11,302.898,545
1570,04/14/24:21:35:12,302.899,545
1571,04/14/24:21:35:13,302.908,545
1572,04/14/24:21:35:14,302.883,545
1573,04/14/24:21:35:15,302.881,545
1574,04/14/24:21:35:16,302.88,545
1575,04/14/24:21:35:18,302.859,545
1576,04/14/24:21:35:19,302.881,545
1577,04/14/24:21:35:20,302.856,545
1578,04/14/24:21:35:21,302.859,545
1579,04/14/24:21:35:22,302.839,545
1580,04/14/24:21:35:23,302.855,545
1581,04/14/24:21:35:24,302.875,545
1582,04/14/24:21:35:25,302.886,545
1583,04/14/24:21:35:26,302.879,545
1584,04/14/24:21:35:27,302.877,545
1585,04/14/24:21:35:28,302.858,545
1586,04/14/24:21:35:29,302.869,545
1587,04/14/24:21:35:30,302.879,545
1588,04/14/24:21:35:31,302.885,545
1589,04/14/24:21:35:32,302.879,545
1590,04/14/24:21:35:33,302.869,545
1591,04/14/24:21:35:34,302.884,545
1592,04/14/24:21:35:35,302.866,545
1593,04/14/24:21:35:36,302.872,545
1594,04/14/24:21:35:37,302.861,545
1595,04/14/24:21:35:38,302.857,545
1596,04/14/24:21:35:39,302.854,545
1597,04/14/24:21:35:40,302.868,545
1598,04/14/24:21:35:41,302.876,545
1599,04/14/24:21:35:42,302.871,545
1600,04/14/24:21:35:43,302.873,545
1601,04/14/24:21:35:45,302.864,545
1602,04/14/24:21:35:46,302.867,545
1603,04/14/24:21:35:47,302.85,545
1604,04/14/24:21:35:48,302.852,545
1605,04/14/24:21:35:49,302.857,545
1606,04/14/24:21:35:50,302.856,545
1607,04/14/24:21:35:51,302.835,545
1608,04/14/24:21:35:52,302.84,545
1609,04/14/24:21:35:53,302.83,545
1610,04/14/24:21:35:54,302.817,545
1611,04/14/24:21:35:55,302.807,545
1612,04/14/24:21:35:56,302.789,545
1613,04/14/24:21:35:57,302.804,545
1614,04/14/24:21:35:58,302.821,545
1615,04/14/24:21:35:59,302.818,545
1616,04/14/24:21:36:00,302.806,545
1617,04/14/24:21:36:01,302.796,545
1618,04/14/24:21:36:02,302.794,545
1619,04/14/24:21:36:03,302.798,545
1620,04/14/24:21:36:04,302.81,545
1621,04/14/24:21:36:05,302.825,545
1622,04/14/24:21:36:07,302.833,545
1623,04/14/24:21:36:08,302.81,545
1624,04/14/24:21:36:09,302.798,545
1625,04/14/24:21:36:10,302.795,545
1626,04/14/24:21:36:11,302.786,545
1627,04/14/24:21:36:12,302.771,545
1628,04/14/24:21:36:13,302.763,545
1629,04/14/24:21:36:14,302.751,545
1630,04/14/24:21:36:15,302.743,545
1631,04/14/24:21:36:16,302.747,545
1632,04/14/24:21:36:17,302.736,545
1633,04/14/24:21:36:18,302.738,545
1634,04/14/24:21:36:19,302.741,545
1635,04/14/24:21:36:20,302.724,545
1636,04/14/24:21:36:21,302.711,545
1637,04/14/24:21:36:22,302.697,545
1638,04/14/24:21:36:23,302.707,545
1639,04/14/24:21:36:24,302.736,545
1640,04/14/24:21:36:25,302.753,545
1641,04/14/24:21:36:26,302.762,545
1642,04/14/24:21:36:27,302.774,545
1643,04/14/24:21:36:28,302.783,545
1644,04/14/24:21:36:29,302.786,545
1645,04/14/24:21:36:30,302.765,545
1646,04/14/24:21:36:31,302.743,545
1647,04/14/24:21:36:32,302.739,545
1648,04/14/24:21:36:34,302.73,545
1649,04/14/24:21:36:35,302.733,545
1650,04/14/24:21:36:36,302.751,545
1651,04/14/24:21:36:37,302.741,545
1652,04/14/24:21:36:38,302.737,545
1653,04/14/24:21:36:39,302.749,545
1654,04/14/24:21:36:40,302.756,545
1655,04/14/24:21:36:41,302.741,545
1656,04/14/24:21:36:42,302.734,545
1657,04/14/24:21:36:43,302.7,545
1658,04/14/24:21:36:44,302.675,545
1659,04/14/24:21:36:45,302.657,545
1660,04/14/24:21:36:46,302.679,545
1661,04/14/24:21:36:47,302.668,545
1662,04/14/24:21:36:48,302.682,545
1663,04/14/24:21:36:49,302.693,545
1664,04/14/24:21:36:50,302.692,545
1665,04/14/24:21:36:51,302.687,545
1666,04/14/24:21:36:52,302.675,545
1667,04/14/24:21:36:53,302.661,545
1668,04/14/24:21:36:54,302.642,545
1669,04/14/24:21:36:55,302.643,545
1670,04/14/24:21:36:56,302.641,545
1671,04/14/24:21:36:58,302.651,545
1672,04/14/24:21:36:59,302.647,545
1673,04/14/24:21:37:00,302.658,545
1674,04/14/24:21:37:01,302.661,545
1675,04/14/24:21:37:02,302.67,545
1676,04/14/24:21:37:03,302.661,545
1677,04/14/24:21:37:04,302.665,545
1678,04/14/24:21:37:05,302.665,545
1679,04/14/24:21:37:06,302.667,545
1680,04/14/24:21:37:07,302.675,545
1681,04/14/24:21:37:08,302.691,545
1682,04/14/24:21:37:09,302.692,545
1683,04/14/24:21:37:10,302.688,545
1684,04/14/24:21:37:11,302.699,545
1685,04/14/24:21:37:12,302.699,545
1686,04/14/24:21:37:13,302.709,545
1687,04/14/24:21:37:14,302.728,545
1688,04/14/24:21:37:15,302.731,545
1689,04/14/24:21:37:16,302.724,545
1690,04/14/24:21:37:17,302.736,545
1691,04/14/24:21:37:18,302.744,545
1692,04/14/24:21:37:19,302.755,545
1693,04/14/24:21:37:20,302.732,545
1694,04/14/24:21:37:21,302.717,545
1695,04/14/24:21:37:23,302.702,545
1696,04/14/24:21:37:24,302.725,545
1697,04/14/24:21:37:25,302.706,545
1698,04/14/24:21:37:26,302.692,545
1699,04/14/24:21:37:27,302.697,545
1700,04/14/24:21:37:28,302.7,545
1701,04/14/24:21:37:29,302.683,545
1702,04/14/24:21:37:30,302.615,545
1703,04/14/24:21:37:31,302.609,545
1704,04/14/24:21:37:32,302.673,545
1705,04/14/24:21:37:33,302.745,545
1706,04/14/24:21:37:34,302.775,545
1707,04/14/24:21:37:35,302.751,545
1708,04/14/24:21:37:36,302.636,545
1709,04/14/24:21:37:37,302.459,544
1710,04/14/24:21:37:39,302.245,544
1711,04/14/24:21:37:40,301.965,543
1712,04/14/24:21:37:41,301.621,543
1713,04/14/24:21:37:42,301.237,542
1714,04/14/24:21:37:43,300.825,541
1715,04/14/24:21:37:44,300.364,540
1716,04/14/24:21:37:45,299.886,539
1717,04/14/24:21:37:46,299.42,538
1718,04/14/24:21:37:47,298.969,537
1719,04/14/24:21:37:48,298.508,537
1720,04/14/24:21:37:49,298.068,536
1721,04/14/24:21:37:50,297.624,535
1722,04/14/24:21:37:51,297.163,534
1723,04/14/24:21:37:52,296.714,533
1724,04/14/24:21:37:53,296.263,532
1725,04/14/24:21:37:54,295.833,531
1726,04/14/24:21:37:55,295.426,530
1727,04/14/24:21:37:56,295.018,530
1728,04/14/24:21:37:57,294.629,529
1729,04/14/24:21:37:58,294.227,528
1730,04/14/24:21:38:00,293.882,527
1731,04/14/24:21:38:01,293.552,527
1732,04/14/24:21:38:02,293.185,526
1733,04/14/24:21:38:03,292.843,525
1734,04/14/24:21:38:04,292.531,525
1735,04/14/24:21:38:05,292.225,524
1736,04/14/24:21:38:06,291.899,523
1737,04/14/24:21:38:07,291.601,523
1738,04/14/24:21:38:08,291.31,522
1739,04/14/24:21:38:09,291.005,522
1740,04/14/24:21:38:10,290.726,521
1741,04/14/24:21:38:11,290.447,520
1742,04/14/24:21:38:12,290.191,520
1743,04/14/24:21:38:13,289.941,519
1744,04/14/24:21:38:14,289.696,519
1745,04/14/24:21:38:15,289.468,518
1746,04/14/24:21:38:16,289.258,518
1747,04/14/24:21:38:17,289.043,518
1748,04/14/24:21:38:18,288.833,517
1749,04/14/24:21:38:19,288.622,517
1750,04/14/24:21:38:21,288.436,516
1751,04/14/24:21:38:22,288.213,516
1752,04/14/24:21:38:23,288.014,516
1753,04/14/24:21:38:24,287.826,515
1754,04/14/24:21:38:25,287.625,515
1755,04/14/24:21:38:26,287.437,514
1756,04/14/24:21:38:27,287.235,514
1757,04/14/24:21:38:28,287.067,514
1758,04/14/24:21:38:29,286.873,513
1759,04/14/24:21:38:30,286.692,513
1760,04/14/24:21:38:31,286.522,513
1761,04/14/24:21:38:32,286.368,512
1762,04/14/24:21:38:33,286.197,512
1763,04/14/24:21:38:34,286.036,512
1764,04/14/24:21:38:35,285.903,511
1765,04/14/24:21:38:36,285.744,511
1766,04/14/24:21:38:37,285.596,511
1767,04/14/24:21:38:38,285.454,510
1768,04/14/24:21:38:39,285.337,510
1769,04/14/24:21:38:40,285.187,510
1770,04/14/24:21:38:41,285.056,510
1771,04/14/24:21:38:43,284.935,509
1772,04/14/24:21:38:44,284.82,509
1773,04/14/24:21:38:45,284.708,509
1774,04/14/24:21:38:46,284.581,509
1775,04/14/24:21:38:47,284.46,508
1776,04/14/24:21:38:48,284.339,508
1777,04/14/24:21:38:49,284.266,508
1778,04/14/24:21:38:50,284.185,508
1779,04/14/24:21:38:51,284.073,508
1780,04/14/24:21:38:52,283.972,507
1781,04/14/24:21:38:53,283.898,507
1782,04/14/24:21:38:54,283.825,507
1783,04/14/24:21:38:55,283.743,507
1784,04/14/24:21:38:56,283.667,507
1785,04/14/24:21:38:57,283.555,507
1786,04/14/24:21:38:58,283.454,506
1787,04/14/24:21:38:59,283.374,506
1788,04/14/24:21:39:00,283.286,506
1789,04/14/24:21:39:01,283.212,506
1790,04/14/24:21:39:02,283.145,506
1791,04/14/24:21:39:03,283.095,506
1792,04/14/24:21:39:04,283.039,506
1793,04/14/24:21:39:06,282.969,505
1794,04/14/24:21:39:07,282.903,505
1795,04/14/24:21:39:08,282.856,505
1796,04/14/24:21:39:09,282.815,505
1797,04/14/24:21:39:10,282.748,505
1798,04/14/24:21:39:11,282.705,505
1799,04/14/24:21:39:12,282.641,505
